{"meshes": [{"filename": "/mnt/raid/armen/training/ScanNet/internal/scans/checked/scene0278_00/scene0278_00_vh_clean_2.ply", "type": "scannet", "trs": {"trans": [0, 0, 0], "rot": [1.0, 0.0, 0.0, 0.0], "scale": [1, 1, 1]}}, {"filename": "/mnt/raid/armen/training/ShapeNetCore.v2/02933112/50c7e5dace1d5dffc6256085755e32ef/models/model_normalized.obj", "type": "shapenet", "id_cad": "50c7e5dace1d5dffc6256085755e32ef", "catid_cad": "02933112", "trs": {"trans": [5.61103, 1.53474, 0.746462], "rot": [0.5530139450970546, 0.47891895245316823, 0.45850895447946227, 0.5045609499074436], "scale": [1.2346500000000002, 1.4110200000000002, 2.0853099999999998]}}], "trs_global": {"trans": [0, 0, 0], "rot": [0.7071067811865475, -0.7071067811865475, 0.0, 0.0], "scale": [1, 1, 1]}}