{"meshes": [{"filename": "/mnt/raid/armen/training/ScanNet/internal/scans/checked/scene0304_00/scene0304_00_vh_clean_2.ply", "type": "scannet", "trs": {"trans": [0, 0, 0], "rot": [1.0, 0.0, 0.0, 0.0], "scale": [1, 1, 1]}}, {"filename": "/mnt/raid/armen/training/ShapeNetCore.v2/02933112/716b2e87f41b14cf48d22c298c611495/models/model_normalized.obj", "type": "shapenet", "id_cad": "716b2e87f41b14cf48d22c298c611495", "catid_cad": "02933112", "trs": {"trans": [4.19585, 3.54567, 0.773164], "rot": [-0.6844709794771648, -0.25746599228026845, 0.47646298571397205, 0.4880509853665234], "scale": [1.6147299999999996, 1.8306799999999999, 1.62838]}}], "trs_global": {"trans": [0, 0, 0], "rot": [0.7071067811865475, -0.7071067811865475, 0.0, 0.0], "scale": [1, 1, 1]}}