{"meshes": [{"filename": "/mnt/raid/armen/training/ScanNet/internal/scans/checked/scene0377_00/scene0377_00_vh_clean_2.ply", "type": "scannet", "trs": {"trans": [0, 0, 0], "rot": [1.0, 0.0, 0.0, 0.0], "scale": [1, 1, 1]}}, {"filename": "/mnt/raid/armen/training/ShapeNetCore.v2/03001627/cc1b4eb1a9164e04f06885bd08de3f64/models/model_normalized.obj", "type": "shapenet", "id_cad": "cc1b4eb1a9164e04f06885bd08de3f64", "catid_cad": "03001627", "trs": {"trans": [5.09112, 1.34006, 0.499604], "rot": [0.5099809304064771, 0.532286927362534, 0.5022359314633827, 0.4520499383119135], "scale": [1.2144, 1.01505, 1.11752]}}], "trs_global": {"trans": [0, 0, 0], "rot": [0.7071067811865475, -0.7071067811865475, 0.0, 0.0], "scale": [1, 1, 1]}}