{"meshes": [{"filename": "/mnt/raid/armen/training/ScanNet/internal/scans/checked/scene0606_02/scene0606_02_vh_clean_2.ply", "type": "scannet", "trs": {"trans": [0, 0, 0], "rot": [1.0, 0.0, 0.0, 0.0], "scale": [1, 1, 1]}}, {"filename": "/mnt/raid/armen/training/ShapeNetCore.v2/02747177/1d5e46b18684ede7ffe3432ba4f2e6d3/models/model_normalized.obj", "type": "shapenet", "id_cad": "1d5e46b18684ede7ffe3432ba4f2e6d3", "catid_cad": "02747177", "trs": {"trans": [3.94747, 0.649166, 0.516063], "rot": [0.6475250083537202, 0.6028560077774454, 0.31339400404309603, 0.34505100445150305], "scale": [0.6499549999999998, 0.6224860000000001, 0.658831]}}], "trs_global": {"trans": [0, 0, 0], "rot": [0.7071067811865475, -0.7071067811865475, 0.0, 0.0], "scale": [1, 1, 1]}}