{"meshes": [{"filename": "/mnt/raid/armen/training/ScanNet/internal/scans/checked/scene0146_02/scene0146_02_vh_clean_2.ply", "type": "scannet", "trs": {"trans": [0, 0, 0], "rot": [1.0, 0.0, 0.0, 0.0], "scale": [1, 1, 1]}}, {"filename": "/mnt/raid/armen/training/ShapeNetCore.v2/03001627/95d082c78ea0b1befe52ffd0e748a1ab/models/model_normalized.obj", "type": "shapenet", "id_cad": "95d082c78ea0b1befe52ffd0e748a1ab", "catid_cad": "03001627", "trs": {"trans": [2.58565, 2.29538, 0.453991], "rot": [0.7115739021176619, 0.7000829036983351, 0.011572298408143333, 0.058417391964248694], "scale": [1.20823, 1.29094, 1.0613]}}, {"filename": "/mnt/raid/armen/training/ShapeNetCore.v2/02808440/dadeedcb7aeb8344fdbe2bf897d8a820/models/model_normalized.obj", "type": "shapenet", "id_cad": "dadeedcb7aeb8344fdbe2bf897d8a820", "catid_cad": "02808440", "trs": {"trans": [1.50003, 2.13774, 0.901484], "rot": [0.7076169291415371, 0.7027479296291028, 0.067344393256351, 0.029805397015384268], "scale": [0.772529, 0.9774609999999998, 0.7884219999999998]}}], "trs_global": {"trans": [0, 0, 0], "rot": [0.7071067811865475, -0.7071067811865475, 0.0, 0.0], "scale": [1, 1, 1]}}