{"meshes": [{"filename": "/mnt/raid/armen/training/ScanNet/internal/scans/checked/scene0019_00/scene0019_00_vh_clean_2.ply", "type": "scannet", "trs": {"trans": [0, 0, 0], "rot": [1.0, 0.0, 0.0, 0.0], "scale": [1, 1, 1]}}, {"filename": "/mnt/raid/armen/training/ShapeNetCore.v2/02747177/62f4ed6e1df63042cecaed25e0da0964/models/model_normalized.obj", "type": "shapenet", "id_cad": "62f4ed6e1df63042cecaed25e0da0964", "catid_cad": "02747177", "trs": {"trans": [4.85212, 1.59481, 0.346014], "rot": [-0.6880673420138621, -0.7164943561439221, 0.10248705094267674, -0.05191892580705585], "scale": [0.693263, 0.921695, 0.695477]}}], "trs_global": {"trans": [0, 0, 0], "rot": [0.7071067811865475, -0.7071067811865475, 0.0, 0.0], "scale": [1, 1, 1]}}