{"meshes": [{"filename": "/mnt/raid/armen/training/ScanNet/internal/scans/checked/scene0146_01/scene0146_01_vh_clean_2.ply", "type": "scannet", "trs": {"trans": [0, 0, 0], "rot": [1.0, 0.0, 0.0, 0.0], "scale": [1, 1, 1]}}, {"filename": "/mnt/raid/armen/training/ShapeNetCore.v2/03001627/4438e29f9d3cf45bfe52ffd0e748a1ab/models/model_normalized.obj", "type": "shapenet", "id_cad": "4438e29f9d3cf45bfe52ffd0e748a1ab", "catid_cad": "03001627", "trs": {"trans": [0.779715, 2.03691, 0.490565], "rot": [0.025501897614236775, 0.03987539626956175, 0.6977499347238327, 0.71477593313101], "scale": [1.2768499999999998, 1.2515, 1.09064]}}, {"filename": "/mnt/raid/armen/training/ShapeNetCore.v2/02808440/dadeedcb7aeb8344fdbe2bf897d8a820/models/model_normalized.obj", "type": "shapenet", "id_cad": "dadeedcb7aeb8344fdbe2bf897d8a820", "catid_cad": "02808440", "trs": {"trans": [1.85493, 1.91304, 0.924818], "rot": [0.09221805702621792, 0.008601795991547442, 0.7046476716329051, 0.703486672173933], "scale": [0.7125889999999999, 1.09694, 0.806651]}}], "trs_global": {"trans": [0, 0, 0], "rot": [0.7071067811865475, -0.7071067811865475, 0.0, 0.0], "scale": [1, 1, 1]}}