{"meshes": [{"filename": "/mnt/raid/armen/training/ScanNet/internal/scans/checked/scene0256_02/scene0256_02_vh_clean_2.ply", "type": "scannet", "trs": {"trans": [0, 0, 0], "rot": [1.0, 0.0, 0.0, 0.0], "scale": [1, 1, 1]}}, {"filename": "/mnt/raid/armen/training/ShapeNetCore.v2/02933112/8994e11588b62bdfed208c42f7ada5c4/models/model_normalized.obj", "type": "shapenet", "id_cad": "8994e11588b62bdfed208c42f7ada5c4", "catid_cad": "02933112", "trs": {"trans": [2.66506, 2.60465, 0.405631], "rot": [-0.5186230722623506, -0.5767390803599455, 0.4519060629663354, 0.44066206139965247], "scale": [2.37505, 1.8244400000000003, 1.8977200000000003]}}], "trs_global": {"trans": [0, 0, 0], "rot": [0.7071067811865475, -0.7071067811865475, 0.0, 0.0], "scale": [1, 1, 1]}}